2024-12-20_20-13-30,COMP,shell.cpp:2024-12-20_20-13-30
2024-12-20_20-17-04,COMP,shell.cpp:2024-12-20_20-17-04
2024-12-20_20-17-07,COMP,shell.cpp:2024-12-20_20-17-04
2024-12-20_20-17-24,COMP,shell.cpp:2024-12-20_20-17-24
2024-12-20_20-21-21,100%,shell.cpp:2024-12-20_20-21-21
2024-12-20_20-22-20,COMP,shell.cpp:2024-12-20_20-22-20
2024-12-20_20-22-48,100%,shell.cpp:2024-12-20_20-22-48
2024-12-20_20-23-00,100%,shell.cpp:2024-12-20_20-23-00
2024-12-20_20-23-16,100%,shell.cpp:2024-12-20_20-23-00
2024-12-20_20-24-21,100%,shell.cpp:2024-12-20_20-24-21
