2024-12-20_08-06-09,COMP,shell.cpp:2024-12-20_08-06-09;student.cpp:2024-12-20_08-06-09
2024-12-20_08-06-17,COMP,shell.cpp:2024-12-20_08-06-09;student.cpp:2024-12-20_08-06-09
2024-12-20_08-06-36,COMP,shell.cpp:2024-12-20_08-06-36;student.cpp:2024-12-20_08-06-09
2024-12-20_08-06-40,COMP,shell.cpp:2024-12-20_08-06-36;student.cpp:2024-12-20_08-06-09
2024-12-20_08-06-41,COMP,shell.cpp:2024-12-20_08-06-36;student.cpp:2024-12-20_08-06-09
2024-12-20_08-07-26,COMP,shell.cpp:2024-12-20_08-06-36;student.cpp:2024-12-20_08-06-09
2024-12-20_08-07-48,090%,shell.cpp:2024-12-20_08-06-36
2024-12-20_14-23-20,090%,shell.cpp:2024-12-20_08-06-36
2024-12-20_14-26-12,COMP,shell.cpp:2024-12-20_08-06-36
2024-12-20_14-26-33,090%,shell.cpp:2024-12-20_08-06-36
2024-12-20_14-27-23,072%,shell.cpp:2024-12-20_08-06-36
2024-12-20_14-28-23,COMP,shell.cpp:2024-12-20_08-06-36
2024-12-20_14-30-22,COMP,shell.cpp:2024-12-20_08-06-36
2024-12-20_14-30-27,COMP,shell.cpp:2024-12-20_08-06-36
2024-12-20_14-30-44,COMP,shell.cpp:2024-12-20_08-06-36
2024-12-20_14-31-39,COMP,shell.cpp:2024-12-20_08-06-36
2024-12-20_14-32-12,100%,shell.cpp:2024-12-20_08-06-36
2024-12-20_14-32-35,090%,shell.cpp:2024-12-20_08-06-36
2024-12-20_14-32-55,100%,shell.cpp:2024-12-20_08-06-36
2024-12-20_14-33-42,100%,shell.cpp:2024-12-20_08-06-36
