2024-11-13_14-20-46,000%,shell.cpp:2024-11-13_14-20-46;student.cpp:2024-11-13_14-20-46
2024-11-13_14-37-30,000%,shell.cpp:2024-11-13_14-20-46;student.cpp:2024-11-13_14-20-46
2024-11-13_14-41-43,000%,shell.cpp:2024-11-13_14-20-46;student.cpp:2024-11-13_14-20-46
2024-11-13_15-02-58,000%,shell.cpp:2024-11-13_14-20-46;student.cpp:2024-11-13_14-20-46
2024-11-13_15-03-41,000%,shell.cpp:2024-11-13_14-20-46;student.cpp:2024-11-13_14-20-46
2024-11-13_15-05-21,000%,shell.cpp:2024-11-13_14-20-46;student.cpp:2024-11-13_14-20-46
2024-11-29_23-22-25,000%,shell.cpp:2024-11-13_14-20-46;student.cpp:2024-11-13_14-20-46
2024-12-09_15-01-15,000%,shell.cpp:2024-11-13_14-20-46;student.cpp:2024-11-13_14-20-46
2024-12-09_15-02-33,100%,shell.cpp:2024-11-13_14-20-46;student.cpp:2024-12-09_15-02-33
2024-12-09_15-02-49,100%,shell.cpp:2024-11-13_14-20-46;student.cpp:2024-12-09_15-02-33
