2024-11-27_00-31-24,000%,shell.cpp:2024-11-27_00-31-24
2024-11-28_08-54-44,000%,shell.cpp:2024-11-27_00-31-24
2024-11-28_09-11-05,COMP,shell.cpp:2024-11-28_09-11-05
2024-11-28_09-17-46,COMP,shell.cpp:2024-11-28_09-17-46
2024-11-28_09-18-44,COMP,shell.cpp:2024-11-28_09-18-44
2024-11-28_09-23-03,COMP,shell.cpp:2024-11-28_09-18-44
2024-11-28_09-30-01,COMP,shell.cpp:2024-11-28_09-18-44
2024-11-28_09-30-27,COMP,shell.cpp:2024-11-28_09-18-44
2024-11-28_09-31-12,COMP,shell.cpp:2024-11-28_09-18-44
2024-11-28_09-34-37,COMP,shell.cpp:2024-11-28_09-18-44
2024-11-28_09-35-46,460%,shell.cpp:2024-11-28_09-35-46
2024-11-28_09-37-21,380%,shell.cpp:2024-11-28_09-37-21
2024-11-28_09-37-40,380%,shell.cpp:2024-11-28_09-37-40
2024-11-28_09-38-15,300%,shell.cpp:2024-11-28_09-38-15
2024-11-28_09-38-44,300%,shell.cpp:2024-11-28_09-38-15
2024-11-28_09-40-12,300%,shell.cpp:2024-11-28_09-40-12
2024-11-28_09-45-50,460%,shell.cpp:2024-11-28_09-45-50
2024-11-29_12-53-48,460%,shell.cpp:2024-11-29_12-53-48
2024-11-29_12-55-56,COMP,shell.cpp:2024-11-29_12-55-56
2024-11-29_12-56-07,460%,shell.cpp:2024-11-29_12-56-07
2024-11-29_13-02-34,COMP,shell.cpp:2024-11-29_13-02-34
2024-11-29_13-02-49,460%,shell.cpp:2024-11-29_13-02-49
2024-11-29_13-04-29,460%,shell.cpp:2024-11-29_13-04-29
2024-11-29_13-05-34,460%,shell.cpp:2024-11-29_13-05-34
2024-11-29_13-06-36,460%,shell.cpp:2024-11-29_13-06-36
2024-11-29_13-08-15,460%,shell.cpp:2024-11-29_13-06-36
2024-11-29_13-12-04,460%,shell.cpp:2024-11-29_13-12-04
2024-11-29_13-12-35,COMP,shell.cpp:2024-11-29_13-12-35
2024-11-29_13-15-11,460%,shell.cpp:2024-11-29_13-15-11
2024-11-29_14-28-52,COMP,shell.cpp:2024-11-29_14-28-52
2024-11-29_14-29-15,COMP,shell.cpp:2024-11-29_14-29-15
2024-11-29_14-29-32,COMP,shell.cpp:2024-11-29_14-29-15
2024-11-29_14-30-25,460%,shell.cpp:2024-11-29_14-30-25
2024-11-29_14-35-29,460%,shell.cpp:2024-11-29_14-30-25
2024-11-29_14-36-27,100%,shell.cpp:2024-11-29_14-36-27
