2024-11-28_09-52-46,000%,shell.cpp:2024-11-28_09-52-46
2024-11-29_02-19-07,COMP,shell.cpp:2024-11-29_02-19-07
2024-11-29_02-19-43,COMP,shell.cpp:2024-11-29_02-19-43
2024-11-29_02-29-13,COMP,shell.cpp:2024-11-29_02-19-43
2024-11-29_02-57-16,COMP,shell.cpp:2024-11-29_02-57-16
2024-11-29_15-09-42,COMP,shell.cpp:2024-11-29_02-57-16
2024-11-29_15-09-54,COMP,shell.cpp:2024-11-29_15-09-54
2024-11-29_15-13-16,COMP,shell.cpp:2024-11-29_15-13-16
2024-11-29_15-14-52,COMP,shell.cpp:2024-11-29_15-14-52
2024-11-29_15-15-16,COMP,shell.cpp:2024-11-29_15-15-16
2024-11-29_15-17-17,000%,shell.cpp:2024-11-29_15-17-17
2024-11-29_15-20-33,000%,shell.cpp:2024-11-29_15-20-33
2024-11-29_15-22-10,000%,shell.cpp:2024-11-29_15-22-10
2024-11-29_15-32-44,000%,shell.cpp:2024-11-29_15-32-44
2024-11-29_15-33-27,000%,shell.cpp:2024-11-29_15-33-27
2024-11-29_15-34-09,COMP,shell.cpp:2024-11-29_15-34-09
2024-11-29_15-34-35,000%,shell.cpp:2024-11-29_15-34-35
2024-11-29_15-36-01,COMP,shell.cpp:2024-11-29_15-36-01
