2024-11-29_22-23-56,COMP,shell.cpp:2024-11-29_22-23-56
2024-11-29_22-27-39,COMP,shell.cpp:2024-11-29_22-23-56
2024-11-29_22-29-04,COMP,shell.cpp:2024-11-29_22-23-56
2024-11-29_23-13-21,COMP,shell.cpp:2024-11-29_22-23-56
2024-11-29_23-17-22,COMP,shell.cpp:2024-11-29_22-23-56
2024-11-29_23-28-30,COMP,shell.cpp:2024-11-29_22-23-56
2024-11-29_23-28-48,COMP,shell.cpp:2024-11-29_22-23-56
2024-11-29_23-29-36,000%,shell.cpp:2024-11-29_22-23-56
2024-11-29_23-31-08,000%,shell.cpp:2024-11-29_22-23-56
2024-11-29_23-32-01,000%,shell.cpp:2024-11-29_22-23-56
2024-11-29_23-32-15,000%,shell.cpp:2024-11-29_22-23-56
2024-11-29_23-32-39,000%,shell.cpp:2024-11-29_22-23-56
2024-11-29_23-33-34,000%,shell.cpp:2024-11-29_22-23-56
2024-11-29_23-33-53,000%,shell.cpp:2024-11-29_22-23-56
2024-11-29_23-34-16,000%,shell.cpp:2024-11-29_22-23-56
2024-11-29_23-34-26,000%,shell.cpp:2024-11-29_22-23-56
2024-11-29_23-34-50,130%,shell.cpp:2024-11-29_22-23-56
2024-11-29_23-35-30,130%,shell.cpp:2024-11-29_22-23-56
2024-11-29_23-39-26,130%,shell.cpp:2024-11-29_22-23-56
2024-11-29_23-39-45,330%,shell.cpp:2024-11-29_22-23-56
2024-11-29_23-40-21,530%,shell.cpp:2024-11-29_22-23-56
2024-11-29_23-41-35,800%,shell.cpp:2024-11-29_22-23-56
2024-11-29_23-44-01,930%,shell.cpp:2024-11-29_22-23-56
2024-11-29_23-46-07,100%,shell.cpp:2024-11-29_22-23-56
2024-11-30_03-22-57,100%,shell.cpp:2024-11-29_22-23-56
