2024-12-20_15-10-08,COMP,shell.cpp:2024-12-20_15-10-08
2024-12-20_15-10-53,COMP,shell.cpp:2024-12-20_15-10-08
2024-12-20_15-10-54,COMP,shell.cpp:2024-12-20_15-10-08
2024-12-20_15-10-55,COMP,shell.cpp:2024-12-20_15-10-08
2024-12-20_15-10-55,COMP,shell.cpp:2024-12-20_15-10-08
2024-12-20_15-11-00,COMP,shell.cpp:2024-12-20_15-10-08
2024-12-20_15-11-42,000%,shell.cpp:2024-12-20_15-11-42
2024-12-20_15-13-57,000%,shell.cpp:2024-12-20_15-11-42
2024-12-20_15-15-03,COMP,shell.cpp:2024-12-20_15-11-42
2024-12-20_15-17-07,COMP,shell.cpp:2024-12-20_15-11-42
