2024-11-22_08-40-29,000%,shell.cpp:2024-11-22_08-40-29
2024-11-22_09-04-35,000%,shell.cpp:2024-11-22_08-40-29
2024-11-22_09-43-11,000%,shell.cpp:2024-11-22_08-40-29
2024-11-26_22-43-05,COMP,shell.cpp:2024-11-22_08-40-29
2024-11-26_22-43-37,COMP,shell.cpp:2024-11-22_08-40-29
2024-11-26_22-44-43,COMP,shell.cpp:2024-11-22_08-40-29
2024-11-26_23-40-33,COMP,shell.cpp:2024-11-22_08-40-29
2024-11-26_23-42-02,COMP,shell.cpp:2024-11-22_08-40-29
2024-11-26_23-42-29,COMP,shell.cpp:2024-11-22_08-40-29
2024-11-26_23-42-31,COMP,shell.cpp:2024-11-22_08-40-29
2024-11-26_23-42-59,COMP,shell.cpp:2024-11-26_23-42-59
2024-11-26_23-49-27,000%,shell.cpp:2024-11-26_23-49-27
2024-11-26_23-49-42,000%,shell.cpp:2024-11-26_23-49-27
2024-11-26_23-51-07,000%,shell.cpp:2024-11-26_23-49-27
2024-11-26_23-52-07,900%,shell.cpp:2024-11-26_23-49-27
2024-11-26_23-52-30,000%,shell.cpp:2024-11-26_23-49-27
2024-11-26_23-52-49,COMP,shell.cpp:2024-11-26_23-49-27
2024-11-26_23-53-02,000%,shell.cpp:2024-11-26_23-49-27
2024-11-26_23-53-23,900%,shell.cpp:2024-11-26_23-49-27
2024-11-26_23-54-22,900%,shell.cpp:2024-11-26_23-49-27
2024-11-26_23-54-41,900%,shell.cpp:2024-11-26_23-49-27
2024-11-26_23-55-11,450%,shell.cpp:2024-11-26_23-49-27
2024-11-26_23-55-28,270%,shell.cpp:2024-11-26_23-49-27
2024-11-26_23-55-54,450%,shell.cpp:2024-11-26_23-49-27
2024-11-26_23-56-31,450%,shell.cpp:2024-11-26_23-49-27
2024-11-26_23-57-10,450%,shell.cpp:2024-11-26_23-49-27
2024-11-26_23-57-23,450%,shell.cpp:2024-11-26_23-49-27
2024-11-26_23-58-04,720%,shell.cpp:2024-11-26_23-49-27
2024-11-26_23-59-43,COMP,shell.cpp:2024-11-26_23-49-27
2024-11-27_00-00-16,720%,shell.cpp:2024-11-26_23-49-27
2024-11-27_00-01-35,720%,shell.cpp:2024-11-26_23-49-27
2024-11-27_00-01-58,720%,shell.cpp:2024-11-26_23-49-27
2024-11-27_00-03-54,720%,shell.cpp:2024-11-26_23-49-27
2024-11-27_00-05-45,720%,shell.cpp:2024-11-26_23-49-27
2024-11-27_00-06-29,720%,shell.cpp:2024-11-26_23-49-27
2024-11-27_00-06-47,720%,shell.cpp:2024-11-26_23-49-27
2024-11-27_00-08-34,450%,shell.cpp:2024-11-26_23-49-27
2024-11-27_00-08-47,720%,shell.cpp:2024-11-26_23-49-27
2024-11-27_00-10-27,360%,shell.cpp:2024-11-26_23-49-27
2024-11-27_00-10-40,720%,shell.cpp:2024-11-26_23-49-27
2024-11-27_00-13-33,720%,shell.cpp:2024-11-26_23-49-27
2024-11-27_00-13-53,720%,shell.cpp:2024-11-26_23-49-27
2024-11-27_00-14-01,720%,shell.cpp:2024-11-26_23-49-27
2024-11-27_00-17-27,720%,shell.cpp:2024-11-27_00-17-27
2024-11-27_00-18-17,720%,shell.cpp:2024-11-27_00-17-27
2024-11-27_00-19-28,720%,shell.cpp:2024-11-27_00-17-27
2024-11-27_00-23-53,450%,shell.cpp:2024-11-27_00-17-27
2024-11-27_00-24-14,720%,shell.cpp:2024-11-27_00-17-27
2024-11-27_00-24-58,630%,shell.cpp:2024-11-27_00-17-27
2024-11-27_00-25-14,720%,shell.cpp:2024-11-27_00-17-27
