2024-11-29_23-25-00,COMP,shell.cpp:2024-11-29_23-25-00
2024-12-04_11-57-38,COMP,shell.cpp:2024-11-29_23-25-00
2024-12-04_13-31-41,COMP,shell.cpp:2024-11-29_23-25-00
2024-12-09_14-43-07,COMP,shell.cpp:2024-12-09_14-43-07
2024-12-09_14-45-26,COMP,shell.cpp:2024-12-09_14-43-07
2024-12-09_14-46-09,COMP,shell.cpp:2024-12-09_14-46-09
2024-12-09_14-46-36,COMP,shell.cpp:2024-12-09_14-46-36
2024-12-09_14-46-55,COMP,shell.cpp:2024-12-09_14-46-55
2024-12-09_14-47-11,COMP,shell.cpp:2024-12-09_14-46-55
2024-12-09_14-56-08,100%,shell.cpp:2024-12-09_14-56-08
